Dia,Épocas,Loss,Val_loss,Tempo
1,1000,0.04817584902048111,0.048522479832172394,52693.12399029732
