Dia,Épocas,Loss,Tempo
1,50,0.1837244629859924,33.38141131401062
2,50,0.0847940444946289,33.16321420669556
3,2000,0.022186357527971268,581.3561065196991
