Dia,Épocas,Loss,Val_loss,Tempo
1,1000,0.01684720814228058,0.016935043036937714,55748.86734509468
