Dia,Épocas,Loss,Val_loss,Tempo
1,938,0.05867987871170044,0.06857980787754059,49542.72352743149
