Dia,Épocas,Loss,Tempo
1,10,0.1357806771993637,487.33936643600464
